{"cameraMode":{"drawMode":0,"name":"Shaded","section":"Shading Mode"},"sceneLighting":true,"audioPlay":false,"sceneViewState":{"showFog":true,"showMaterialUpdate":true,"showSkybox":true,"showFlares":true,"showImageEffects":true,"showParticleSystems":true},"in2DMode":false,"pivot":{"x":3.2101078033447267,"y":6.677404403686523,"z":-3.647289276123047},"rotation":{"x":0.15197642147541047,"y":-0.6694566607475281,"z":0.14268843829631806,"w":0.7130190134048462},"size":11.925186157226563,"orthographic":false}