{"cameraMode":{"drawMode":0,"name":"Shaded","section":"Shading Mode"},"sceneLighting":true,"audioPlay":false,"sceneViewState":{"showFog":true,"showMaterialUpdate":false,"showSkybox":true,"showFlares":true,"showImageEffects":true,"showParticleSystems":true},"in2DMode":false,"pivot":{"x":17.602245330810548,"y":10.884224891662598,"z":-3.6672213077545168},"rotation":{"x":0.21917271614074708,"y":-0.7397655248641968,"z":0.2850756049156189,"w":0.5688015222549439},"size":10.0,"orthographic":false}