{"cameraMode":{"drawMode":0,"name":"Shaded","section":"Shading Mode"},"sceneLighting":false,"audioPlay":false,"sceneViewState":{"showFog":true,"showMaterialUpdate":true,"showSkybox":false,"showFlares":true,"showImageEffects":true,"showParticleSystems":true},"in2DMode":false,"pivot":{"x":26.229995727539064,"y":9.794998168945313,"z":-14.79800033569336},"rotation":{"x":-0.08258707076311112,"y":0.9120575189590454,"z":-0.3308800756931305,"w":-0.2278721183538437},"size":0.3061862289905548,"orthographic":false}