{"cameraMode":{"drawMode":0,"name":"Shaded","section":"Shading Mode"},"sceneLighting":true,"audioPlay":false,"sceneViewState":{"showFog":true,"showMaterialUpdate":true,"showSkybox":true,"showFlares":true,"showImageEffects":true,"showParticleSystems":true},"in2DMode":false,"pivot":{"x":5.669283390045166,"y":-1.730672001838684,"z":23.691038131713868},"rotation":{"x":0.2401324212551117,"y":-0.12278586626052857,"z":0.03069349378347397,"w":0.9625157117843628},"size":19.821184158325197,"orthographic":false}