{"cameraMode":{"drawMode":0,"name":"Shaded","section":"Shading Mode"},"sceneLighting":false,"audioPlay":false,"sceneViewState":{"showFog":true,"showMaterialUpdate":true,"showSkybox":false,"showFlares":true,"showImageEffects":true,"showParticleSystems":true},"in2DMode":false,"pivot":{"x":16.305999755859376,"y":12.460000038146973,"z":-4.427999973297119},"rotation":{"x":-0.34171485900878909,"y":0.2781670093536377,"z":-0.10646560043096543,"w":-0.8914676904678345},"size":1.2247449159622193,"orthographic":false}