{"cameraMode":{"drawMode":0,"name":"Shaded","section":"Shading Mode"},"sceneLighting":false,"audioPlay":false,"sceneViewState":{"showFog":true,"showMaterialUpdate":false,"showSkybox":false,"showFlares":true,"showImageEffects":true,"showParticleSystems":true},"in2DMode":false,"pivot":{"x":-3.900989055633545,"y":24.708040237426759,"z":-54.16219711303711},"rotation":{"x":-0.09810778498649597,"y":0.8776553273200989,"z":-0.4232991933822632,"w":-0.20342044532299043},"size":4.733880519866943,"orthographic":false}