{"cameraMode":{"drawMode":0,"name":"Shaded","section":"Shading Mode"},"sceneLighting":true,"audioPlay":false,"sceneViewState":{"showFog":true,"showMaterialUpdate":true,"showSkybox":true,"showFlares":true,"showImageEffects":true,"showParticleSystems":true},"in2DMode":false,"pivot":{"x":-7.153619766235352,"y":22.373329162597658,"z":-16.3549747467041},"rotation":{"x":-0.23184332251548768,"y":-0.665188193321228,"z":0.2296295315027237,"w":-0.671610951423645},"size":5.27041482925415,"orthographic":false}