{"cameraMode":{"drawMode":0,"name":"Shaded","section":"Shading Mode"},"sceneLighting":true,"audioPlay":false,"sceneViewState":{"showFog":true,"showMaterialUpdate":true,"showSkybox":true,"showFlares":true,"showImageEffects":true,"showParticleSystems":true},"in2DMode":false,"pivot":{"x":19.643266677856447,"y":15.419711112976075,"z":-5.045897483825684},"rotation":{"x":-0.264821320772171,"y":0.526645302772522,"z":-0.17675524950027467,"w":-0.7883362770080566},"size":1.6704144477844239,"orthographic":false}