{"cameraMode":{"drawMode":0,"name":"Shaded","section":"Shading Mode"},"sceneLighting":false,"audioPlay":false,"sceneViewState":{"showFog":true,"showMaterialUpdate":false,"showSkybox":false,"showFlares":true,"showImageEffects":true,"showParticleSystems":true},"in2DMode":false,"pivot":{"x":42.99193572998047,"y":-2.890735387802124,"z":12.098917007446289},"rotation":{"x":0.07950727641582489,"y":0.8824254870414734,"z":-0.16309578716754914,"w":0.43481528759002688},"size":10.0,"orthographic":false}